Chef Red Onion - Large,1.12,Fruits & Vegetables,700g,UP: $1.40 ,
Pasar Enoki Mushroom,1.35,Fruits & Vegetables,300g,Buy 2 for $2.00 ,
Sakura Bean Sprouts,1.3,Fruits & Vegetables,320g,UP: $1.45 ,
Pasar White Button Mushroom,3.25,Fruits & Vegetables,200g,UP: $3.55 ,
Zespri New Zealand Kiwifruit - SunGold,4.95,Fruits & Vegetables,4 per pack,UP: $5.65 ,
Iceberg Lettuce,1.35,Fruits & Vegetables,400g,UP: $1.60 ,
Freshco China Fresh Celery,1.75,Fruits & Vegetables,1 per pack,UP: $2.00 ,
Hokto Mushroom - Buna Shimeiji,1.5,Fruits & Vegetables,100g,Buy 3 for $3.00 ,
Chef Shiitake Mushroom,2.25,Fruits & Vegetables,250g,UP: $2.40 ,
Vietnam Prepacked Japanese Sweet Potato,2.45,Fruits & Vegetables,750g,UP: $2.60 ,
Indonesia Honey Sweet Potato,2.5,Fruits & Vegetables,750g,UP: $2.70 ,
Go Fresh Baby Qing Bai,1.75,Fruits & Vegetables,300g,Buy 2 for $3.00 ,
Hokto Mushroom - White Shimeiji,1.5,Fruits & Vegetables,100g,Buy 3 for $3.00 ,
Vietnam Prepacked Sweet Potato - Purple,2.45,Fruits & Vegetables,750g,UP: $2.60 ,
Join Hing King Oyster Mushroom,1.8,Fruits & Vegetables,250g,UP: $2.00 ,
Pasar Organic Sweet Corn,3.45,Fruits & Vegetables,2 per pack•Organic,UP: $3.75 ,
FairPrice Frozen Edamame Salted Soy Beans,3.1,Fruits & Vegetables,500g,Buy 2 for $5.00 ,
Zespri New Zealand Organic Kiwifruit - Green,3.95,Fruits & Vegetables,4/6 per pack•Organic,UP: $4.50 ,
Pasar Holland Swiss Brown Mushroom,4.0,Fruits & Vegetables,200g,UP: $4.20 ,
Chef China Shanghai Green,1.1,Fruits & Vegetables,250g,Buy 2 for $1.00 ,
Organic New Zealand Fuji Apple,4.95,Fruits & Vegetables,900g•Organic,UP: $6.55 ,
Enza New Zealand Pacific Rose Apple,3.65,Fruits & Vegetables,3 per pack,UP: $4.25 ,
Pasar Organic Chye Sim,2.15,Fruits & Vegetables,200g•Organic,UP: $2.45 ,
Driscoll's USA Raspberries,3.95,Fruits & Vegetables,80g,UP: $4.95 ,
Pasar China Fresh White Peach,2.95,Fruits & Vegetables,4 per pack,UP: $3.95 ,
China Baby Yam,1.65,Fruits & Vegetables,500g,UP: $1.80 ,
Hokto Maitake Mushroom,1.5,Fruits & Vegetables,100g,Buy 3 for $3.00 ,
China Winter Date,2.25,Fruits & Vegetables,350g,UP: $3.50 ,
Asia Evergreen Frozen Edamame (Kernels),3.2,Fruits & Vegetables,500g,Buy 2 for $4.00 ,
Australia Premium Sweet Potato,5.5,Fruits & Vegetables,1kg,UP: $5.95 ,
Pasar Thai Young Coconut,2.3,Fruits & Vegetables,1 per pack,Buy 2 for $3.00 ,
Pasar Royal Gala Apple,2.25,Fruits & Vegetables,800g,UP: $4.50 ,
USA Green Grapes (Seedless),4.45,Fruits & Vegetables,500g,UP: $5.90 ,
New Zealand Envy Apples,3.65,Fruits & Vegetables,3 per pack,UP: $4.25 ,
Pasar Organic Kailan (Hong Kong),3.5,Fruits & Vegetables,250g•Organic,UP: $3.80 ,
China Mango,4.95,Fruits & Vegetables,1 per pack,Buy 2 for $4.00 ,
Pasar Malaysia Pomelo - Medium,4.95,Fruits & Vegetables,1 per pack,UP: $6.80 ,
Pasar Malaysia Ipoh Tambun Pomelo - Small,3.95,Fruits & Vegetables,1 per pack,UP: $4.80 ,
Asia Evergreen Frozen Edamame,3.2,Fruits & Vegetables,500g,Buy 2 for $4.00 ,
Pasar USA October Sun Plum,4.95,Fruits & Vegetables,600g,UP: $5.95 ,
Gold China Red Heart Kiwi,2.25,Fruits & Vegetables,3 per pack,UP: $3.90 ,
Pasar USA White Nectarine,5.95,Fruits & Vegetables,900g,UP: $7.95 ,
Pasar USA Prunes - Sierra Sweet,5.95,Fruits & Vegetables,600g,UP: $6.95 ,
Berryfield Whole Frozen Strawberries,15.6,Fruits & Vegetables,1kg,UP: $19.50 ,
CB Mixed Vegetables,2.76,Fruits & Vegetables,1000G•Halal,UP: $2.90 ,
Organic Italy Royal Gala Apple,3.95,Fruits & Vegetables,4 per pack•Organic,UP: $5.95 ,
Outspan Gems Mandarin,2.65,Fruits & Vegetables,500g,UP: $3.95 ,
Zespri New Zealand Kiwifruit - Green,6.95,Fruits & Vegetables,8 per pack,UP: $8.65 ,
Berryfield Whole Frozen Blueberries,15.6,Fruits & Vegetables,1kg,UP: $19.50 ,
Wah Harvest Australia Chat Potato - White,2.6,Fruits & Vegetables,1kg,Buy 2 for $4.00 ,
US Russet Potato Pack,2.35,Fruits & Vegetables,1kg,UP: $2.80 ,
Blush Sweet Delights Premium Snacking Tomatoes,3.95,Fruits & Vegetables,200g,UP: $4.65 ,
Moon Drop USA Black Grapes,8.5,Fruits & Vegetables,500g,UP: $8.95 ,
Pasar Organic Cucumber - Mini,3.85,Fruits & Vegetables,500g•Organic,UP: $4.10 ,
CB Sweet Corn,3.61,Fruits & Vegetables,1000G•Halal,UP: $3.80 ,
P&L Fresh Mushroom - Abalone,2.95,Fruits & Vegetables,150g,Buy 2 for $4.00 ,
Champ Fungi Mushrooms - Sliced White Button,2.7,Fruits & Vegetables,125g,Buy 2 for $4.00 ,
China Premium Shine Muscat,8.95,Fruits & Vegetables,700g,UP: $9.50 ,
RHYM China Red Flesh Pomelo,3.95,Fruits & Vegetables,1 per pack,UP: $4.50 ,
Sunkist Australia Delite Mandarin,2.45,Fruits & Vegetables,400g,UP: $4.95 ,
Blush Sun Delights Golden Snacking Tomatoes,3.95,Fruits & Vegetables,200g,UP: $4.65 ,
Sunny Fruit Pomelo Gift Box,15.25,Fruits & Vegetables,2 per pack,UP: $16.80 ,
FairPrice Frozen Fresh Garden Peas,2.1,Fruits & Vegetables,400g,UP: $2.35 ,
Korean Campbell Grape,5.45,Fruits & Vegetables,400g,UP: $5.95 ,
China Kiwiberries,2.5,Fruits & Vegetables,125g,UP: $3.95 ,
Pasar Prepacked Carrots,0.95,Fruits & Vegetables,500g,- ,
Fresh Tomatoes,1.85,Fruits & Vegetables,600g,- ,
Gold Beijing Cabbage,1.0,Fruits & Vegetables,600g,- ,
Chef Yellow Onion - Large,1.45,Fruits & Vegetables,700g,- ,
Pasar Malaysia Young Ginger,1.6,Fruits & Vegetables,200g,- ,
Pasar Xiao Bai Chye,0.9,Fruits & Vegetables,220g,- ,
Sumifru Sweet Mountain Banana,3.95,Fruits & Vegetables,820g,- ,
Pasar Japanese Cucumber,1.2,Fruits & Vegetables,250g,- ,
Pasar Thailand Spring Onion,1.5,Fruits & Vegetables,100g,- ,
Pasar Seedless Red Watermelon,5.95,Fruits & Vegetables,1 per pack,- ,
Pasar Long Bean,1.35,Fruits & Vegetables,200g,- ,
Pasar Sweet Corn,1.3,Fruits & Vegetables,2 per pack,- ,
China Premium Fuji Apple,4.25,Fruits & Vegetables,4 per pack,- ,
Sakura Pearl Brinjal,1.7,Fruits & Vegetables,300g,- ,
Pasar Lady Finger,1.25,Fruits & Vegetables,250g,- ,
Pasar Malaysia Spring Onion,0.8,Fruits & Vegetables,100g,- ,
Pasar Red Chili Padi,0.8,Fruits & Vegetables,100g,- ,
Pasar Round Spinach,0.9,Fruits & Vegetables,220g,- ,
Pasar Cherry Tomatoes,1.4,Fruits & Vegetables,250g,- ,
Sumifru Philippines Banana,2.45,Fruits & Vegetables,700g,- ,
Pasar Thailand Baby Corn,0.8,Fruits & Vegetables,100g,- ,
Gold Australian Broccoli,3.0,Fruits & Vegetables,250g,- ,
Chef Chinese Spinach (Phuay Leng),1.6,Fruits & Vegetables,250g,- ,
Chef Red Onion - Small,1.75,Fruits & Vegetables,500g,- ,
Pasar Malaysia Seedless Guava,2.95,Fruits & Vegetables,600g,- ,
Pasar Thailand Chinese Parsley,1.25,Fruits & Vegetables,50g,- ,
Pasar Thailand Baby Kailan,1.55,Fruits & Vegetables,200g,- ,
Gold Round Cabbage,1.9,Fruits & Vegetables,1.5kg,- ,
Sumich Autralian Gourmet White Potatoes,2.55,Fruits & Vegetables,1kg,- ,
Pasar Cai Sim,0.9,Fruits & Vegetables,220g,- ,
Lovacado Avocado,8.95,Fruits & Vegetables,3 per pack,- ,
Pasar Australia Mandarin,7.95,Fruits & Vegetables,900g,- ,
Pasar Lemongrass,1.0,Fruits & Vegetables,100g,- ,
Pasar French Bean,2.0,Fruits & Vegetables,250g,- ,
Gold Green Capsicum,1.65,Fruits & Vegetables,300g,- ,
Pasar Baby Bittergourd,1.0,Fruits & Vegetables,250g,- ,
Gold Red Capsicum,1.95,Fruits & Vegetables,300g,- ,
Gold Australia Wong Bok,5.9,Fruits & Vegetables,1.5kg,- ,
Kok Fah Fresh Vegetable - Baby Spinach,1.1,Fruits & Vegetables,200g,- ,
Pasar Large Lime,1.4,Fruits & Vegetables,250g,- ,
Pasar Asparagus Fine,1.9,Fruits & Vegetables,120g,- ,
Zespri New Zealand Kiwifruit - Green,4.35,Fruits & Vegetables,4 - 6 per pack,- ,
Nature's Best Brastagi Potatoes - Granola (Washed),3.2,Fruits & Vegetables,1kg,- ,
Chef Yau Mak Chye,1.7,Fruits & Vegetables,300g,- ,
Hupco Fresh Lemon,3.5,Fruits & Vegetables,500g,- ,
Budget Pandan Leaves,0.65,Fruits & Vegetables,100g,- ,
Pasar Red Chili,1.7,Fruits & Vegetables,200g,- ,
Pasar Fresh Oyster Mushroom,1.2,Fruits & Vegetables,150g,- ,
Sumifru Poongmi Wang Banana,4.95,Fruits & Vegetables,820g,- ,
Zespri New Zealand Kiwifruit - SunGold (Organic),7.95,Fruits & Vegetables,600g•Organic,- ,
Go Fresh White Radish,2.5,Fruits & Vegetables,1 per pack,- ,
Sumifru Kamsookwang Pineapple,2.85,Fruits & Vegetables,1 per pack,- ,
Pasar Potato,4.8,Fruits & Vegetables,3kg,- ,
Pasar Red Onion,5.8,Fruits & Vegetables,3kg,- ,
Pasar Sweet Beans,1.45,Fruits & Vegetables,150g,- ,
Pasar Organic Baby Bok Choy,3.8,Fruits & Vegetables,250g•Organic,- ,
Diamond Pearl Brinjal,1.55,Fruits & Vegetables,350g,- ,
China Shanghai Green Baby,1.85,Fruits & Vegetables,300g,- ,
Pasar Thailand Chilli Padi - Green,0.8,Fruits & Vegetables,100g,- ,
Pasar Chinese Parsley,0.9,Fruits & Vegetables,50g,- ,
Pasar Indonesia Water Cress,1.8,Fruits & Vegetables,200g,- ,
Pasar Thailand Mini Cucumber,2.25,Fruits & Vegetables,500g,- ,
Nature's Best Brastagi Potatoes - Hertha (Washed),3.2,Fruits & Vegetables,1kg,- ,
Organic Japanese Pumpkin,5.9,Fruits & Vegetables,450g•Organic,- ,
Gold Australia Cauliflower,9.5,Fruits & Vegetables,900g,- ,
Wa Wa Chye Baby Wongbok,1.6,Fruits & Vegetables,250g,- ,
Pasar Thailand Baby Chye Sim,1.65,Fruits & Vegetables,200g,- ,
Pasar Green Chili,1.35,Fruits & Vegetables,200g,- ,
Driscoll's Blackberries,5.95,Fruits & Vegetables,170g,- ,
FairPrice Frozen Fresh Mixed Vegetables,3.95,Fruits & Vegetables,1kg,- ,
Chef China Hong Kong Chye Sim,1.6,Fruits & Vegetables,300g,- ,
Schreurs & Sons Celery,3.3,Fruits & Vegetables,1 per pack,- ,
FairPrice Frozen Fresh Garden Peas,3.95,Fruits & Vegetables,1kg,- ,
Pasar Snow Peas,1.45,Fruits & Vegetables,150g,- ,
Chef China Hong Kong Kai Lan,1.6,Fruits & Vegetables,300g,- ,
Pasar Thailand Romain Lettuce,2.2,Fruits & Vegetables,250g,- ,
FairPrice Frozen Fresh Corn Kernel,3.95,Fruits & Vegetables,1kg,- ,
Chef China Garlic - Fragrant,4.6,Fruits & Vegetables,500g,- ,
Pasar Organic French Bean,2.95,Fruits & Vegetables,250g•Organic,- ,
Loose Garlic,3.15,Fruits & Vegetables,1 per pack,- ,
Yili Farm Xiao Bai Cai,1.7,Fruits & Vegetables,300g,- ,
Pasar Koo Chye,0.75,Fruits & Vegetables,100g,- ,
Pasar Local Celery (Daun Sup),1.0,Fruits & Vegetables,100g,- ,
Pasar India Ladies Finger,2.3,Fruits & Vegetables,230g,- ,
Yili Farm Chye Sim Hua 300g,1.7,Fruits & Vegetables,300g,- ,
Pasar Sharp Spinach,0.9,Fruits & Vegetables,220g,- ,
Watties Frozen Mixed Veges,2.2,Fruits & Vegetables,250g,- ,
Pasar Thailand Asparagus - Thick,2.55,Fruits & Vegetables,250g,- ,
Emborg Frozen Blueberries & Strawberries,6.95,Fruits & Vegetables,400g,- ,
Pasar Organic Japanese Cucumber,3.4,Fruits & Vegetables,200g•Organic,- ,
Grimmway Farms Peeled Baby Carrots,1.7,Fruits & Vegetables,250g,- ,
Pasar Organic Kangkong,2.5,Fruits & Vegetables,200g•Organic,- ,
Pasar Malaysia Phuay Leng,1.9,Fruits & Vegetables,250g,- ,
Pasar Thailand Guava - Seedless,4.95,Fruits & Vegetables,950g (4 per pack),- ,
Emborg Frozen Broccoli Florets,4.75,Fruits & Vegetables,450g,- ,
Japan Sweet Potato,5.55,Fruits & Vegetables,500g,- ,
Fresh Chili Padi - Red,1.0,Fruits & Vegetables,100g,- ,
Pasar Organic Cucumber,3.95,Fruits & Vegetables,500g•Organic,- ,
Pasar Mini Romaine,1.35,Fruits & Vegetables,300g,- ,
Emborg Frozen Broccoli Mix,3.25,Fruits & Vegetables,450g,- ,
Australia Organic Carrots,5.9,Fruits & Vegetables,500g•Organic,- ,
Fresh Seedless Lime,1.65,Fruits & Vegetables,250g,- ,
South Africa Cherry Apple,4.0,Fruits & Vegetables,500g,- ,
P&L Fresh Vegetable - Pea Sprouts,2.2,Fruits & Vegetables,150g,- ,
Pasar Thailand Corn of Cob,2.3,Fruits & Vegetables,2 per pack,- ,
Fresh Spinach - Red,0.8,Fruits & Vegetables,200g,- ,
Korea King Oyster Mushroom,2.15,Fruits & Vegetables,200g,- ,
Fresh Round Spinach,0.8,Fruits & Vegetables,200g,- ,
Three Leaves Boiled Bamboo Shoot,1.85,Fruits & Vegetables,1 per pack,- ,
Pasar Organic Long Bean,2.8,Fruits & Vegetables,250g•Organic,- ,
Pasar Singapore Kow Peack Cai,0.9,Fruits & Vegetables,220g,- ,
Pasar Candy Sweet Corn,2.8,Fruits & Vegetables,330g,- ,
Fresh Red Globe Grape,4.95,Fruits & Vegetables,500g,- ,
Pasar Blue Ginger,1.05,Fruits & Vegetables,200g,- ,
Asia Evergreen Frozen Vegetables - Broccoli,2.3,Fruits & Vegetables,500g,- ,
Pasar Singapore Bean Sprouts,0.7,Fruits & Vegetables,200g,- ,
Emborg Frozen Sweet Corn,2.95,Fruits & Vegetables,450g,- ,
Organic Australia Broccoli,9.9,Fruits & Vegetables,500g•Organic,- ,
Pasar Malaysia English Parsley,1.2,Fruits & Vegetables,50g,- ,
Asia Evergreen Frozen Vegetables - Super Sweet Corn,2.3,Fruits & Vegetables,500g,- ,
Pasar Malaysia Pearl Sweet Corn,2.35,Fruits & Vegetables,330g,- ,
Defu Premium Grade Chopped Garlic - Cup,4.05,Fruits & Vegetables,300g,- ,
Fungo Mushrooms - Sliced Baby Shiitake,2.1,Fruits & Vegetables,150g,- ,
Simply Organic New Zealand Apple,6.55,Fruits & Vegetables,900g•Organic,- ,
Premium Yellow Honey Peach,7.95,Fruits & Vegetables,500g,- ,
Pasar Malaysia Yellow Ginger,1.1,Fruits & Vegetables,200g,- ,
Emborg Frozen Whole Leaf Spinach,3.95,Fruits & Vegetables,450g,- ,
Sky Greens Organic Xiao Bai Cai - Mini,2.95,Fruits & Vegetables,150g•Organic,- ,
Pasar Curry Leaf,0.65,Fruits & Vegetables,100g,- ,
Defu Premium Grade Chopped Garlic,3.4,Fruits & Vegetables,250g,- ,
Fresh Chili - Red,1.8,Fruits & Vegetables,200g,- ,
Asia Evergreen Frozen Vegetables - California Blend,2.3,Fruits & Vegetables,500g,- ,
Pasar Kailan,0.9,Fruits & Vegetables,220g,- ,
Pasar Organic Ladies' Finger,2.65,Fruits & Vegetables,200g•Organic,- ,
Pasar India French Beans,2.3,Fruits & Vegetables,230g,- ,
Malaysia French Bean,1.35,Fruits & Vegetables,200g,- ,
Organic Australia Butternut,6.5,Fruits & Vegetables,450g•Organic,- ,
Fungo Mushrooms - Baby Shiitake,2.2,Fruits & Vegetables,150g,- ,
DCF Peeled Water Chestnuts,2.55,Fruits & Vegetables,300g,- ,
Pasar Yellow Onion,6.25,Fruits & Vegetables,3kg,- ,
Go Fresh India Chilli - Banji,2.3,Fruits & Vegetables,230g,- ,
Asiagreen Frozen Vegetables - Cauliflower,2.3,Fruits & Vegetables,500g,- ,
Pasar China Golden Pear,4.25,Fruits & Vegetables,4 per pack,- ,
Emborg Frozen Blueberries,6.95,Fruits & Vegetables,400g,- ,
Bard Valley Natural Delights Dates - Medjool,10.9,Fruits & Vegetables,454g,- ,
Pasar Organic Spinach,3.8,Fruits & Vegetables,200g•Organic,- ,
China Premium Red Onion,2.95,Fruits & Vegetables,1kg,- ,
Australia King Kale,4.45,Fruits & Vegetables,300g,- ,
Emborg Organic Frozen Chopped Spinach,6.25,Fruits & Vegetables,400g•Organic,- ,
Pasar Organic Asparagus,4.2,Fruits & Vegetables,200g•Organic,- ,
Asia Evergreen Frozen Mixed Vegetables,2.3,Fruits & Vegetables,500g,- ,
Pasar Holland Mushroom - Portobello,4.95,Fruits & Vegetables,250g,- ,
Pasar Thailand Tom Yam Ingredient Set,1.9,Fruits & Vegetables,1 per pack,- ,
Pasar Malaysia Tango (Tonghoe),2.25,Fruits & Vegetables,220g,- ,
Sky Green Organic Cai Xin - Mini,2.95,Fruits & Vegetables,150g•Organic,- ,
Fresharvest Red Cherry Tomato,3.2,Fruits & Vegetables,500g,- ,
Pakistan Chaunsa Mango,3.95,Fruits & Vegetables,1 per pack,- ,
Organic Australia Gourmet Tomato,9.5,Fruits & Vegetables,500g•Organic,- ,
Taiwan Fresh Carrot,2.65,Fruits & Vegetables,1kg,- ,
Pasar Thailand Asparagus,2.95,Fruits & Vegetables,250g,- ,
Malaysia Gold Mint Leaf,1.1,Fruits & Vegetables,50g,- ,
Pasar Malaysia Portobello Mushroom - Mini,4.1,Fruits & Vegetables,200g,- ,
Fresh Chili Padi - Green,0.9,Fruits & Vegetables,100g,- ,
Fresh Chili - Green,1.45,Fruits & Vegetables,200g,- ,
Korea Premium Peach,8.95,Fruits & Vegetables,2 per pack,- ,
Pasar Malaysia Laksa Leaf,0.65,Fruits & Vegetables,100g,- ,
Kitchen Joy Frozen Green Peas,2.3,Fruits & Vegetables,500g,- ,
Live Well Fresh Herbs - Italian Parsley,2.05,Fruits & Vegetables,15g,- ,
Pasar Organic Lettuce,3.45,Fruits & Vegetables,200g•Organic,- ,
Champ Fungi Mushrooms - Sliced White button,2.75,Fruits & Vegetables,200g,- ,
Live Well Fresh Herbs - Rosemary,2.05,Fruits & Vegetables,15g,- ,
Fresh Premium Red Onion,6.95,Fruits & Vegetables,3kg,- ,
CGRL South Africa Dates - Medjoul,5.95,Fruits & Vegetables,250g,- ,
Pasar Thailand Local Lettuce,2.65,Fruits & Vegetables,250g,- ,
Emborg Frozen Brussel Sprouts,6.3,Fruits & Vegetables,900g,- ,
Organic 4 Life Organic Zucchini Green,9.5,Fruits & Vegetables,500g•Organic,- ,
Green Co. Mini King Oyster Mushroom,4.15,Fruits & Vegetables,300g,- ,
Tesco Frozen Raspberries,8.95,Fruits & Vegetables,350g,- ,
Pasar Organic Bok Choy,3.05,Fruits & Vegetables,250g•Organic,- ,
Organic 4 Life Organic Beetroot,8.9,Fruits & Vegetables,500g•Organic,- ,
Sky Greens Organic Mao Bai - Mini,2.95,Fruits & Vegetables,150g•Organic,- ,
Taiwan Sweet Potatoes,4.25,Fruits & Vegetables,1kg,- ,
Hupco Fresh Lime,3.5,Fruits & Vegetables,500g,- ,
Kitchen Joy Frozen Mixed Vegetables,2.3,Fruits & Vegetables,500g,- ,
Green Co King Oyster Mushroom,2.25,Fruits & Vegetables,200g,- ,
Kok Fah Baby Kai Lan,1.25,Fruits & Vegetables,200g,- ,
Pasar Thailand Corn - Bi-Color,3.2,Fruits & Vegetables,2 per pack,- ,
Gold Asparagus,9.9,Fruits & Vegetables,500g,- ,
China Fresh Peanuts,2.8,Fruits & Vegetables,480g,- ,
Live Well Fresh Herbs - Dill,2.0,Fruits & Vegetables,15g,- ,
Sydney Bean Alfalfa & Onion Sprout,2.3,Fruits & Vegetables,125g,- ,
Live Well Fresh Herbs - Thyme,2.05,Fruits & Vegetables,15g,- ,
Organic Australia Brown Onion,6.95,Fruits & Vegetables,1 per pack•Organic,- ,
Emborg Organic Frozen Mixed Vegetables,6.25,Fruits & Vegetables,400g•Organic,- ,
Pasar Thailand Celery,2.15,Fruits & Vegetables,200g,- ,
P&L Fresh Vegetable - Wheat Grass,2.6,Fruits & Vegetables,100g,- ,
China Amber Jewel Plums,3.5,Fruits & Vegetables,500g,- ,
New Zealand Rockit Apples,6.95,Fruits & Vegetables,280g,- ,
Organic Australia Red Onion,8.15,Fruits & Vegetables,1 per pack•Organic,- ,
Kirei Edamame - Frozen,4.5,Fruits & Vegetables,500g,- ,
Organic Australia White Potato,6.5,Fruits & Vegetables,500g•Organic,- ,
Live Well Fresh Herbs - Oregano,2.05,Fruits & Vegetables,15g,- ,
Sunny Days IQF Strawberry,6.5,Fruits & Vegetables,450 G•Halal,- ,
Mushroom Gourmet Steamboat Mushroom Mix,5.85,Fruits & Vegetables,400g,- ,
Green Earth Organic Star Anise,3.5,Fruits & Vegetables,100 G,- ,
Green Earth Organic 5 Spices Powder,4.5,Fruits & Vegetables,50 G,- ,
Sunny Days IQF Blueberry,6.5,Fruits & Vegetables,450 G•Halal,- ,
Green Earth Organic Sarawak Pepper,6.5,Fruits & Vegetables,80 G,- ,
Green Earth Organic Curry Powder,2.8,Fruits & Vegetables,60 G,- ,
Tomax Pepper Salt - Fried Chicken,2.9,Fruits & Vegetables,1 pc,- ,
China Brown Pear,4.25,Fruits & Vegetables,4 per pack,- ,
Green Earth Organic Cayenne Pepper,4.2,Fruits & Vegetables,50 G,- ,
Kirei Edamame Seed Frozen by Kirei Japanese Food,8.5,Fruits & Vegetables,500g,- ,
Tomax Pepper Salt - Original,2.9,Fruits & Vegetables,1 pc,- ,
CHB Red Kidney Bean,2.6,Fruits & Vegetables,400 G,- ,
Green Earth Organic Clove,2.9,Fruits & Vegetables,50 G,- ,
CHB Split Bean,3.2,Fruits & Vegetables,500 G,- ,
Kirei Kamakurayama Kotsububachi Japanese Natto Set - Frozen,4.05,Fruits & Vegetables,80G,- ,
Sabarot Green Lentils Du Puy,8.2,Fruits & Vegetables,1 X 500G,- ,
Sunnyfarm Green Peas,3.3,Fruits & Vegetables,1 KG,- ,
Dr Gram Organic Mung Bean,5.5,Fruits & Vegetables,500 G•Organic,- ,
Sunnyfarm Corn Kernel,3.3,Fruits & Vegetables,1 KG,- ,
CHB Black Eye Bean,2.2,Fruits & Vegetables,400 G,- ,
Green Earth Organic Organic Turmeric Powder,3.9,Fruits & Vegetables,60 G,- ,
Green Earth Organic Black Pepper Seed,4.9,Fruits & Vegetables,100 G,- ,
Green Earth Organic Cinnamon Stick,5.8,Fruits & Vegetables,50 G,- ,
CHB Split Bean,1.9,Fruits & Vegetables,300 G,- ,
Kirei Kamakurayama Nihon No Ohtsubu Japanese Natto - Frozen,3.9,Fruits & Vegetables,80G,- ,
Green Earth Organic White Pepper Powder,5.9,Fruits & Vegetables,100 G,- ,
Green Earth Organic Fennel Seed,1.9,Fruits & Vegetables,100 G,- ,
Dr Gram Organic Soy Bean,3.9,Fruits & Vegetables,500 G•Organic,- ,
Green Earth Organic Pure Turmeric Powder,9.9,Fruits & Vegetables,250 G,- ,
Green Earth Organic Organic Cinnamon,4.5,Fruits & Vegetables,50 G,- ,
Green Earth Organic White Pepper Seed,4.9,Fruits & Vegetables,100 G,- ,
CHB Chinese Barley,4.4,Fruits & Vegetables,400 G,- ,
CHB Tea Flower Dried Mushroom,4.95,Fruits & Vegetables,100 G,- ,
BIO.0 Canned Mixed Beans,3.8,Fruits & Vegetables,240 G,- ,
Dr Gram Organic Black Eye Bean,5.5,Fruits & Vegetables,500 G•Organic,- ,
Dr Gram Organic 5 Bean,6.0,Fruits & Vegetables,500 G•Organic,- ,
Green Earth Organic Organic Tea Tree Mushroom,7.6,Fruits & Vegetables,75 G,- ,
ANNO IMO Japanese Roasted Sweet Potato - Frozen (S Size),11.9,Fruits & Vegetables,500G,- ,
Kirei Kamakurayama Kuromame Natto Pack -Frozen,9.8,Fruits & Vegetables,80G,- ,
Green Earth Organic Coriander Seed,1.9,Fruits & Vegetables,100 G,- ,
Green Earth Organic Cumin Seed,2.9,Fruits & Vegetables,100 G,- ,
CHB White Flower Dried Mushroom,12.95,Fruits & Vegetables,200 G,- ,
Dr Gram Organic Garbanzo Bean,6.8,Fruits & Vegetables,500 G•Organic,- ,
Dr Gram Organic Adzuki Beans,5.5,Fruits & Vegetables,500 G•Organic,- ,
Green Earth Organic Black Pepper Powder,5.9,Fruits & Vegetables,100 G,- ,
CHB Brown Bean,3.0,Fruits & Vegetables,400 G,- ,
BIO.0 Canned Borlotti Beans,3.8,Fruits & Vegetables,240 G,- ,
BIO.0 Canned Baked Beans in Tomato Sauce,3.8,Fruits & Vegetables,240 G,- ,
Green Earth Organic Black Pepper,7.2,Fruits & Vegetables,80 G,- ,
Vietjoy Graviola (Leaf),30.0,Fruits & Vegetables,1 X 45G,- ,
Vietjoy Soursop Leaf Powder,35.0,Fruits & Vegetables,1 X 200G,- ,
Valletta Italian Colfiorito Lentils,9.0,Fruits & Vegetables,1 X 500G,- ,
ANNO IMO Japanese Roasted Sweet Potato - Frozen (M Size),11.9,Fruits & Vegetables,500G,- ,
Green Earth Organic Nutmeg,6.9,Fruits & Vegetables,100 G,- ,
BIO.0 Canned Butter Beans,3.8,Fruits & Vegetables,240 G,- ,
BIO.0 Canned Chickpeas,3.8,Fruits & Vegetables,240 G,- ,
Dr Gram Organic Pearled Barley,6.5,Fruits & Vegetables,500 G•Organic,- ,
Dr Gram Organic Red Kidney Bean,5.5,Fruits & Vegetables,500 G•Organic,- ,
Dr Gram Organic Black Bean - Green Flesh,5.5,Fruits & Vegetables,500 G•Organic,- ,
Dr Gram Organic 7 Bean,6.0,Fruits & Vegetables,500 G•Organic,- ,
Green Earth Organic Organic Fenugreek Seed Powder,5.8,Fruits & Vegetables,250 G,- ,
Tomax Pepper Salt - Fried Chicken Powder (K),45.0,Fruits & Vegetables,1 pc,- ,
Tomax Bonito Fish Broth Powder,35.0,Fruits & Vegetables,1 pc,- ,
Tomax Pepper Salt - Fried Chicken Powder With Seaweed,35.0,Fruits & Vegetables,1 pc,- ,
Kinjirushi Nama Wasabi (Fresh Grated Wasabi) - Frozen,18.5,Fruits & Vegetables,200G,- ,
Pasar New Zealand Royal Gala Apples,3.45,Fruits & Vegetables,800g,UP: $4.50 ,
Australian Strawberries,3.25,Fruits & Vegetables,250g,UP: $4.45 ,
Pasar USA Black Plum,4.95,Fruits & Vegetables,600g,UP: $5.95 ,
Thailand Fresh Longan,6.25,Fruits & Vegetables,1kg,UP: $6.95 ,
Spain Black Plum,2.35,Fruits & Vegetables,500g,UP: $2.95 ,
Vietnam Guava,2.5,Fruits & Vegetables,500g,UP: $3.95 ,
Kromco South Africa Apple - Cripps Red,1.95,Fruits & Vegetables,6 per pack,UP: $3.95 ,
Rockit Apple,3.95,Fruits & Vegetables,5 per pack,UP: $6.50 ,
Vietnam Nam Roi Pomelo,3.25,Fruits & Vegetables,1 per pack,UP: $4.20 ,
Sunny Fruit - Ipoh Sweet Tambun Pomelo (L),8.8,Fruits & Vegetables,1S,UP: $9.80 ,
Sunny Fruit Ipoh Sweet Tambun Pomelo (M),7.2,Fruits & Vegetables,1 per pack,UP: $7.80 ,
Hass Mexico Avocado,5.5,Fruits & Vegetables,3 per pack,UP: $7.95 ,
Wah Harvest Australia Chat Potato - Red,2.6,Fruits & Vegetables,1kg,- ,
Pasar Malaysia Pomelo - Large,8.25,Fruits & Vegetables,2kg,UP: $9.80 ,
Watties Frozen Garden Peas,2.85,Fruits & Vegetables,500g,UP: $3.90 ,
South America Yellow Dragonfruit,6.95,Fruits & Vegetables,1 per pack,UP: $8.95 ,
Pasar Singapore Soya Bean Sprouts,1.35,Fruits & Vegetables,200g,- ,
Watties Frozen Mixed Veges,2.85,Fruits & Vegetables,500g,UP: $3.90 ,
Fresh Cavendish Banana,1.95,Fruits & Vegetables,1 per pack,UP: $2.15 ,
Thailand Red Mini Watermelon,3.65,Fruits & Vegetables,1 per pack,UP: $3.95 ,
Pasar Small Lime,1.1,Fruits & Vegetables,250g,- ,
Gold Yellow Capsicum,1.95,Fruits & Vegetables,280g,- ,
Pasar Local Lettuce,1.3,Fruits & Vegetables,220g,- ,
S&W Premium Sweet 16 Pineapple,2.85,Fruits & Vegetables,1 per pack,- ,
Pears Bonanza Australia Packham Pear,5.95,Fruits & Vegetables,800g,- ,
Pasar Thailand Longan,5.5,Fruits & Vegetables,850g,- ,
Pasar Malaysia Nai Bai,1.9,Fruits & Vegetables,250g,- ,
DH China Nam Shui Pear,4.95,Fruits & Vegetables,4 per pack,- ,
Pasar Yellow Watermelon,4.95,Fruits & Vegetables,3kg,- ,
Fresh Shallot (Prepacked),1.95,Fruits & Vegetables,140g,- ,
Crunchy Fresh Cherry Tomato - Grape,2.65,Fruits & Vegetables,350g,- ,
Chef Nai Bai,1.95,Fruits & Vegetables,300g,- ,
Pasar Honeydew (Large),3.95,Fruits & Vegetables,1 per pack,- ,
China Nam Shui Pear,5.95,Fruits & Vegetables,3 per pack,- ,
Sumich Purple Carrots,2.25,Fruits & Vegetables,500g,- ,
Gold Baby Romaine Lettuce,1.35,Fruits & Vegetables,250g,- ,
Pasar Kau Kee,1.95,Fruits & Vegetables,250g,- ,
Taiwan Fresh Black Fungus,3.2,Fruits & Vegetables,200g,- ,
Fresh Sweet Potato Leaf,0.8,Fruits & Vegetables,200g,- ,
Sunkist Australia Cara Cara Oranges,6.45,Fruits & Vegetables,800g,- ,
Koala Easy Peel Australia Navel Orange,6.5,Fruits & Vegetables,1kg,- ,
South Africa Cape Fire Pear,3.95,Fruits & Vegetables,750g,- ,
Freshlink Australia Baby Carrots,2.4,Fruits & Vegetables,200g,- ,
Pink Lady Argentina Apple,6.95,Fruits & Vegetables,900g•Organic,- ,
Korean Kyoho Grapes,9.95,Fruits & Vegetables,450g,- ,
The Odd Fellows Green Apples,3.95,Fruits & Vegetables,1kg,- ,
Pink Lady USA Apple,3.95,Fruits & Vegetables,3 per pack,- ,
Sweet Vines Candy Dream Black Grapes (Seedless),9.95,Fruits & Vegetables,454g,- ,
Candy Heart US Red Grapes (Seedless),9.95,Fruits & Vegetables,454g,- ,
Australia Phoenix Mandarin Bag,7.5,Fruits & Vegetables,800g,- ,
Australia Fresh Red Onion,5.5,Fruits & Vegetables,1kg,- ,
Jazz Organic Apples,4.95,Fruits & Vegetables,700g•Organic,- ,
Earthbound Organic Celery Hearts,9.95,Fruits & Vegetables,2 per pack•Organic,- ,
Emborg Frozen Mixed Vegetables,2.95,Fruits & Vegetables,450g,- ,
Pasar 3 in 1 Mushroom,5.05,Fruits & Vegetables,250g,- ,
Sunkist Australia Navel Orange,5.45,Fruits & Vegetables,800g,- ,
Taiwan Shiitake Mushrom,3.35,Fruits & Vegetables,150g,- ,
Benelux Fresh Malaysia Luo Han Guava,4.25,Fruits & Vegetables,1 per pack,- ,
USA Cotton Candy Green Grapes (Seedless),9.95,Fruits & Vegetables,500g,- ,
Sunny Days IQF Raspberry,6.5,Fruits & Vegetables,450 G•Halal,- ,
Spain Red Plum,3.95,Fruits & Vegetables,500g,- ,
Sunny Days IQF Mixed Berries,6.5,Fruits & Vegetables,450 G•Halal,- ,
CHB Small Sago,1.45,Fruits & Vegetables,200 G,- ,
Sun Kee Boiled White Nuts,3.95,Fruits & Vegetables,500g,- ,
King Fresh California Champagne Table Red Grapes,6.95,Fruits & Vegetables,453.5g,- ,
CHB Large Black Bean,2.8,Fruits & Vegetables,350 G,- ,
MINORI No Hyakusen Mixed Berries - Frozen,10.9,Fruits & Vegetables,500 G,- ,
SUNSHINE Avocado Cubes - Frozen,10.0,Fruits & Vegetables,500 G,- ,
Green Earth Organic Organic Chilli Powder,3.4,Fruits & Vegetables,60 G,- ,
Coco Thumb Fresh Coconut,3.95,Fruits & Vegetables,1 per pack•Organic,- ,
Fresh Xiao Bai Cai,0.8,Fruits & Vegetables,200g,- ,
Organic Australia Red Cabbage,7.9,Fruits & Vegetables,650g•Organic,- ,
Fresh Myanmar Mango,2.5,Fruits & Vegetables,1 per pack,- ,
Driscoll's USA Strawberries,14.95,Fruits & Vegetables,500g,- ,
Sunkist USA Barnfield Navel Orange Bag,6.95,Fruits & Vegetables,800g,- ,
FairPrice Frozen Fresh Mixed Vegetables,2.1,Fruits & Vegetables,400g,- ,
CJS Petai,4.3,Fruits & Vegetables,100g,Buy 2 for $4.00 ,
ASda,1122.0,Fruits & Vegetables,asda,- ,
Fresh Blueberries,3.5,Fruits & Vegetables,125g,Buy 4 for $2.00 ,
Holland Potato (China),1.45,Fruits & Vegetables,1kg,UP: $1.60 ,
Chef China Garlic - Pure White,2.45,Fruits & Vegetables,500g,Buy 4 for $2.00 ,
